<?xml version="1.0" encoding="UTF-8" ?>
<!DOCTYPE mapper
  PUBLIC "-//mybatis.org//DTD Config 3.0//EN"
  "http://mybatis.org/dtd/mybatis-3-mapper.dtd">

<mapper namespace="com.example.mapper.UserMapper">


	<insert id="register" parameterType="string">
		insert into member(id, password) values(#{id}, #{password})
	</insert>
	<select id="login" resultType="UserVO">
		SELECT id, password from member where id = #{id} and password = #{password}
	</select>
	<select id="userInfo" resultType="UserVO">
		SELECT id, password from member where id = #{id} and password = #{password}
	</select>
	
	<select id="userInfo_session" resultType="UserVO">
		SELECT id, password from member where id = #{id}
	</select>
	<update id="user_modify">
		UPDATE member set password = #{password} where id = #{id}
	</update>
	<delete id="user_delete" parameterType="hashMap">
		DELETE from member where id = #{id} and password = #{password}
	</delete>
</mapper>